t,delivered_useful,delivered_storm,processed_useful,processed_storm,inbox_fill_mean
1.0,19.4,0,17.8,0,0.001
2.0,42.2,0,41.8,0,0.0
3.0,61,0,59.6,0,0.001
4.0,79.4,0,78.4,0,0.001
5.0,100.2,0,99.8,0,0.0
6.0,118.8,0,118.2,0,0.0
7.0,139.4,0,138.4,0,0.001
8.0,156.6,0,155.6,0,0.001
9.0,175.4,0,174,0,0.001
10.0,197.2,20,195.8,0,0.011
11.0,218.6,1024,203.6,389.6,0.325
12.0,240,1924,211.8,797.6,0.577
13.0,263.2,2000,222.8,1181.4,0.429
14.0,284,2000,232.4,1569.2,0.241
15.0,306.4,2000,259.6,1897.8,0.074
16.0,329.6,2000,319.8,1994.4,0.008
17.0,350,2000,348.8,2000,0.001
18.0,367.2,2000,366.2,2000,0.001
19.0,387.8,2000,386.4,2000,0.001
20.0,410,2000,409.2,2000,0.0
21.0,434,2000,432.2,2000,0.001
22.0,450.8,2000,450.2,2000,0.0
23.0,471.8,2000,471.6,2000,0.0
24.0,493.6,2000,493,2000,0.0
25.0,513,2000,511.4,2000,0.001
26.0,529.6,2000,529.6,2000,0.0
27.0,550.2,2000,549.2,2000,0.001
28.0,568.2,2000,566.8,2000,0.001
29.0,586.6,2000,585.8,2000,0.0
30.0,604,2000,603.2,2000,0.0
31.0,624.2,2000,623.4,2000,0.0
32.0,647.6,2000,646.4,2000,0.001
33.0,669.2,2000,667.6,2000,0.001
34.0,691.4,2000,690,2000,0.001
35.0,713.4,2000,712.4,2000,0.001
36.0,736.2,2000,735.4,2000,0.0
37.0,755.8,2000,754.8,2000,0.001
38.0,776.2,2000,775.4,2000,0.0
39.0,793.2,2000,792.6,2000,0.0
40.0,811.2,2000,811,2000,0.0
41.0,834,2000,833.2,2000,0.0
42.0,855.4,2000,853.6,2000,0.001
43.0,876.6,2000,875.4,2000,0.001
44.0,894.6,2000,893.6,2000,0.001
45.0,917.6,2000,916.6,2000,0.001
46.0,932.8,2000,932.2,2000,0.0
47.0,951.6,2000,950.6,2000,0.001
48.0,971.8,2000,970.6,2000,0.001
49.0,995.8,2000,994.8,2000,0.001
50.0,1012.6,2000,1012,2000,0.0
51.0,1037.2,2000,1036,2000,0.001
52.0,1054.2,2000,1052.4,2000,0.001
53.0,1073.4,2000,1072.6,2000,0.0
54.0,1091.6,2000,1091.4,2000,0.0
55.0,1113.2,2000,1112.6,2000,0.0
56.0,1131.2,2000,1130,2000,0.001
57.0,1151.2,2000,1150,2000,0.001
58.0,1173.2,2000,1172.2,2000,0.001
59.0,1190,2000,1189,2000,0.001
60.0,1209.8,2000,1209.2,2000,0.0
61.0,1227,2000,1226.6,2000,0.0
62.0,1249.6,2000,1247.6,2000,0.001
63.0,1267.6,2000,1267.4,2000,0.0
64.0,1288.2,2000,1287,2000,0.001
65.0,1307.6,2000,1305.8,2000,0.001
66.0,1326.2,2000,1324.8,2000,0.001
67.0,1346.2,2000,1345,2000,0.001
68.0,1364,2000,1362.6,2000,0.001
69.0,1388.2,2000,1387,2000,0.001
70.0,1409.8,2000,1408.4,2000,0.001
71.0,1432.6,2000,1431.2,2000,0.001
72.0,1450.6,2000,1449.8,2000,0.0
73.0,1467.6,2000,1466.4,2000,0.001
74.0,1486.2,2000,1485.2,2000,0.001
75.0,1504,2000,1502.6,2000,0.001
76.0,1525.8,2000,1525.2,2000,0.0
77.0,1543,2000,1542,2000,0.001
78.0,1560.6,2000,1559,2000,0.001
79.0,1582.8,2000,1582,2000,0.0
80.0,1601.8,2000,1601.2,2000,0.0
81.0,1621.8,2000,1621.2,2000,0.0
82.0,1638.4,2000,1637.2,2000,0.001
83.0,1656.8,2000,1655,2000,0.001
84.0,1678,2000,1676.2,2000,0.001
85.0,1701.6,2000,1699.8,2000,0.001
86.0,1718.2,2000,1717.8,2000,0.0
87.0,1740.4,2000,1740,2000,0.0
88.0,1758.4,2000,1757.8,2000,0.0
89.0,1778.2,2000,1777.4,2000,0.0
90.0,1799.6,2000,1798.4,2000,0.001
91.0,1820.8,2000,1819.6,2000,0.001
92.0,1840.4,2000,1839.4,2000,0.001
93.0,1859.6,2000,1858.4,2000,0.001
94.0,1879.4,2000,1876.8,2000,0.001
95.0,1899.6,2000,1898.4,2000,0.001
96.0,1916,2000,1915.8,2000,0.0
97.0,1934.8,2000,1934.4,2000,0.0
98.0,1952,2000,1950,2000,0.001
99.0,1971.4,2000,1971.2,2000,0.0
100.0,1989.6,2000,1987.6,2000,0.001
101.0,2005.6,2000,2004.6,2000,0.001
102.0,2027.2,2000,2026.6,2000,0.0
103.0,2046.6,2000,2045.2,2000,0.001
104.0,2062,2000,2060.6,2000,0.001
105.0,2081.4,2000,2081.2,2000,0.0
106.0,2099.4,2000,2099,2000,0.0
107.0,2118.8,2000,2117.8,2000,0.001
108.0,2138.6,2000,2137.4,2000,0.001
109.0,2157.4,2000,2155.8,2000,0.001
110.0,2176.6,2000,2175.2,2000,0.001
111.0,2196.2,2000,2194.8,2000,0.001
112.0,2216.4,2000,2214.4,2000,0.001
113.0,2234,2000,2232.6,2000,0.001
114.0,2252,2000,2251.4,2000,0.0
115.0,2274,2000,2273.2,2000,0.0
116.0,2294.6,2000,2293.4,2000,0.001
117.0,2316.6,2000,2315.6,2000,0.001
118.0,2335.6,2000,2334.4,2000,0.001
119.0,2354.4,2000,2353.2,2000,0.001
120.0,2376,2000,2375.4,2000,0.0
121.0,2396.4,2000,2395.2,2000,0.001
122.0,2418,2000,2416.6,2000,0.001
123.0,2436,2000,2435.2,2000,0.0
124.0,2455.4,2000,2454,2000,0.001
125.0,2470.2,2000,2469,2000,0.001
126.0,2491.8,2000,2490.2,2000,0.001
127.0,2515.6,2000,2515.2,2000,0.0
128.0,2540.2,2000,2539.6,2000,0.0
129.0,2559.2,2000,2557.8,2000,0.001
130.0,2577.6,2000,2576.8,2000,0.0
131.0,2598.2,2000,2597.8,2000,0.0
132.0,2618.2,2000,2617.8,2000,0.0
133.0,2636.8,2000,2635.8,2000,0.001
134.0,2656.4,2000,2654.4,2000,0.001
135.0,2676.2,2000,2675.4,2000,0.0
136.0,2696.4,2000,2695.6,2000,0.0
137.0,2718,2000,2716.2,2000,0.001
138.0,2737.8,2000,2737,2000,0.0
139.0,2761.6,2000,2760.6,2000,0.001
140.0,2784.8,2000,2783.4,2000,0.001
141.0,2802.4,2000,2801.2,2000,0.001
142.0,2821.4,2000,2820,2000,0.001
143.0,2840,2000,2839,2000,0.001
144.0,2859.8,2000,2858.6,2000,0.001
145.0,2882,2000,2881,2000,0.001
146.0,2903,2000,2901.4,2000,0.001
147.0,2924.4,2000,2922.2,2000,0.001
148.0,2946,2000,2944,2000,0.001
149.0,2969.8,2000,2968.2,2000,0.001
150.0,2990.4,2000,2988,2000,0.001
151.0,3007.6,2000,3006.2,2000,0.001
152.0,3026.6,2000,3025.2,2000,0.001
153.0,3044.4,2000,3043.6,2000,0.0
154.0,3065.4,2000,3064.8,2000,0.0
155.0,3085.6,2000,3085,2000,0.0
156.0,3102.6,2000,3101.4,2000,0.001
157.0,3123.4,2000,3122.2,2000,0.001
158.0,3143,2000,3141.4,2000,0.001
159.0,3165.4,2000,3164.8,2000,0.0
160.0,3184.6,2000,3182.8,2000,0.001
161.0,3205.8,2000,3204.8,2000,0.001
162.0,3224.2,2000,3223,2000,0.001
163.0,3246.4,2000,3245.2,2000,0.001
164.0,3268.8,2000,3268.2,2000,0.0
165.0,3287.6,2000,3286.2,2000,0.001
166.0,3303.6,2000,3302.8,2000,0.0
167.0,3322,2000,3321.2,2000,0.0
168.0,3344.4,2000,3343.2,2000,0.001
169.0,3365.2,2000,3363.6,2000,0.001
170.0,3385,2000,3384.6,2000,0.0
171.0,3406,2000,3404.4,2000,0.001
172.0,3426.2,2000,3425.2,2000,0.001
173.0,3445,2000,3443.8,2000,0.001
174.0,3463.8,2000,3463.2,2000,0.0
175.0,3483.6,2000,3482.2,2000,0.001
176.0,3505.6,2000,3503.6,2000,0.001
177.0,3524.4,2000,3523,2000,0.001
178.0,3546.2,2000,3544.4,2000,0.001
179.0,3566.8,2000,3566.2,2000,0.0
180.0,3583.8,2000,3583.2,2000,0.0
181.0,3601.2,2000,3600.2,2000,0.001
182.0,3622.8,2000,3622,2000,0.0
183.0,3643.2,2000,3642,2000,0.001
184.0,3665.6,2000,3665,2000,0.0
185.0,3687,2000,3686.2,2000,0.0
186.0,3707.2,2000,3706.6,2000,0.0
187.0,3725.2,2000,3725,2000,0.0
188.0,3746,2000,3744.6,2000,0.001
189.0,3764.2,2000,3763,2000,0.001
190.0,3785.4,2000,3783.8,2000,0.001
191.0,3804.4,2000,3803.8,2000,0.0
192.0,3825.2,2000,3824,2000,0.001
193.0,3845.4,2000,3844.4,2000,0.001
194.0,3864.8,2000,3864,2000,0.0
195.0,3885,2000,3884.4,2000,0.0
196.0,3908.4,2000,3906.6,2000,0.001
197.0,3930.6,2000,3928.4,2000,0.001
198.0,3951.4,2000,3950.2,2000,0.001
199.0,3971.6,2000,3971.2,2000,0.0
200.0,3994.2,2000,3992.6,2000,0.001
